{
  "grammars": [
    {
      "name": "dmf",
      "camelcase": "Dmf",
      "scope": "source.dmf",
      "file-types": [
        ".dmf"
      ],
      "injection-regex": "^dmf$"
    }
  ],
  "metadata": {
    "version": "0.1.0",
    "license": "MIT",
    "description": "Domain Model Framework",
    "authors": [
      {
        "name": "Alexander Brand"
      }
    ],
    "links": {
      "repository": "https://github.com/Winnetoe24/DMF/parser"
    }
  },
  "bindings": {
    "c": true,
    "go": true,
    "node": true,
    "python": true,
    "rust": true,
    "swift": true
  }
}